1,sales,0.00006619965170
2,bones,0.00004528382040
3,tones,0.00004354213500
4,tales,0.00003909428250
5,fares,0.00003607843785
6,lanes,0.00003252644304
7,seats,0.00003205056582
8,shoes,0.00003195025106
9,sites,0.00003119141844
10,tries,0.00003114165600
11,tires,0.00003070021500
12,sorts,0.00002910574887
13,males,0.00002866914050
14,boats,0.00002607788820
15,saves,0.00002553415137
16,tiles,0.00002528253000
17,trees,0.00002497820325
18,fires,0.00002333216340
19,coins,0.00002332819440
20,mines,0.00002224862640
21,beans,0.00002190258252
22,cases,0.00002111091255
23,lines,0.00002103506496
24,wales,0.00002085028400
25,roles,0.00002080346450
26,bases,0.00002032902690
27,beats,0.00001968459948
28,dates,0.00001936842453
29,loans,0.00001934416120
30,files,0.00001921472280
31,boots,0.00001913780505
32,miles,0.00001854052200
33,sides,0.00001834789320
34,bears,0.00001829836008
35,tears,0.00001759457700
36,trans,0.00001746014550
37,tools,0.00001736501812
38,carey,0.00001715954058
39,sells,0.00001707373395
40,codes,0.00001679482350
41,tunes,0.00001657410300
42,wires,0.00001637344800
43,rates,0.00001633024029
44,wines,0.00001618081920
45,comes,0.00001567516860
46,calls,0.00001554319935
47,souls,0.00001551020520
48,means,0.00001544412870
49,fails,0.00001500042096
50,holes,0.00001499784650
51,balls,0.00001496752530
52,genes,0.00001489983768
53,pairs,0.00001477653408
54,mails,0.00001447409040
55,tions,0.00001426657050
56,paris,0.00001407455543
57,parts,0.00001407455543
58,slots,0.00001407238105
59,pants,0.00001390897242
60,cents,0.00001384760286
61,sends,0.00001376091990
62,fears,0.00001337187852
63,moses,0.00001330454125
64,pools,0.00001319741378
65,meals,0.00001309818510
66,teens,0.00001307768962
67,ports,0.00001306321012
68,gates,0.00001291228302
69,fonts,0.00001290952530
70,pages,0.00001273356630
71,saint,0.00001270707542
72,cards,0.00001267648988
73,seeds,0.00001261417657
74,suits,0.00001251271056
75,beads,0.00001247615460
76,shots,0.00001246410893
77,deals,0.00001214558982
78,bands,0.00001206337860
79,bored,0.00001197006720
80,spies,0.00001196010816
81,toner,0.00001190744100
82,faces,0.00001188466188
83,brass,0.00001172260908
84,blues,0.00001168614720
85,doors,0.00001163197035
86,babes,0.00001161658680
87,modes,0.00001140389250
88,bonds,0.00001119654900
89,belts,0.00001111227390
90,loads,0.00001101882600
91,falls,0.00001093780695
92,cells,0.00001088954685
93,goals,0.00001072687420
94,money,0.00001068707640
95,tapes,0.00001061130525
96,roots,0.00001055032842
97,gains,0.00001055017824
98,three,0.00001043064750
99,roses,0.00001040173225
100,moves,0.00001026350325
101,polls,0.00001015185675
102,songs,0.00001012793250
103,times,0.00001011301200
104,maine,0.00001010056080
105,tells,0.00001008291375
106,thats,0.00001002995700
107,lions,0.00000989148888
108,jones,0.00000986955060
109,wants,0.00000976068240
110,penis,0.00000974460942
111,loves,0.00000970367580
112,bills,0.00000967959720
113,plans,0.00000957607980
114,since,0.00000935540928
115,share,0.00000934391832
116,sense,0.00000923011362
117,roads,0.00000911172150
118,dolls,0.00000908324025
119,sorry,0.00000905549370
120,tours,0.00000902286000
121,races,0.00000896562212
122,wages,0.00000893583600
123,cross,0.00000893376256
124,foods,0.00000886393462
125,class,0.00000878498460
126,sheet,0.00000871735264
127,shine,0.00000865888032
128,meets,0.00000861913553
129,cakes,0.00000844436502
130,feels,0.00000842931590
131,seeks,0.00000840945105
132,leads,0.00000831743640
133,peers,0.00000830350521
134,sauce,0.00000826641984
135,sally,0.00000815655722
136,tried,0.00000813496320
137,books,0.00000808639650
138,banks,0.00000804225240
139,lands,0.00000804225240
140,waves,0.00000804225240
141,marie,0.00000803756387
142,tired,0.00000801964800
143,signs,0.00000796419540
144,basis,0.00000793055445
145,rules,0.00000791873810
146,birds,0.00000789434100
147,diane,0.00000782367336
148,takes,0.00000781885650
149,tanks,0.00000773293500
150,walls,0.00000767565400
151,rolls,0.00000765841825
152,costs,0.00000764379788
153,burns,0.00000757109535
154,seems,0.00000756850595
155,chaos,0.00000747584964
156,chris,0.00000742540365
157,moore,0.00000742416675
158,sluts,0.00000742279440
159,suite,0.00000740548176
160,sheer,0.00000739319781
161,monte,0.00000737224950
162,trace,0.00000732505200
163,turns,0.00000727989937
164,teams,0.00000719778150
165,buses,0.00000718211130
166,games,0.00000708909656
167,pills,0.00000707355180
168,casey,0.00000706569318
169,notes,0.00000704967900
170,saver,0.00000698280874
171,reads,0.00000687788010
172,shore,0.00000685723038
173,stats,0.00000684841150
174,mills,0.00000682535700
175,breed,0.00000678591514
176,areas,0.00000677979803
177,lives,0.00000676127088
178,louis,0.00000672977760
179,peace,0.00000671488272
180,panel,0.00000669421771
181,saved,0.00000667014566
182,sandy,0.00000657394164
183,talks,0.00000644411250
184,booty,0.00000640530618
185,shade,0.00000637085340
186,stars,0.00000636612900
187,leone,0.00000634199202
188,board,0.00000633245184
189,plots,0.00000631595055
190,coast,0.00000627242778
191,solid,0.00000626140480
192,carry,0.00000622269054
193,woods,0.00000622030500
194,rides,0.00000621227880
195,belle,0.00000620613630
196,salad,0.00000617606080
197,alias,0.00000609991200
198,force,0.00000609791700
199,fired,0.00000609493248
200,honey,0.00000602362488
201,solar,0.00000600097225
202,homes,0.00000599913860
203,votes,0.00000599222715
204,barry,0.00000599222052
205,bonus,0.00000597149280
206,parks,0.00000594699525
207,watts,0.00000592612860
208,lance,0.00000592318272
209,clone,0.00000591043635
210,trade,0.00000588620250
211,words,0.00000581017500
212,dance,0.00000580927536
213,marks,0.00000573832875
214,makes,0.00000573382810
215,paint,0.00000570317558
216,finds,0.00000570107160
217,plane,0.00000566747580
218,feeds,0.00000566148083
219,taxes,0.00000558489750
220,lease,0.00000557890632
221,slide,0.00000556869600
222,dried,0.00000553177498
223,minds,0.00000550103400
224,lined,0.00000549487411
225,loose,0.00000542393670
226,lakes,0.00000542107384
227,fotos,0.00000540927293
228,later,0.00000540052750
229,boxes,0.00000539093100
230,looks,0.00000539093100
231,sarah,0.00000539026735
232,posts,0.00000537896888
233,wells,0.00000537755400
234,farms,0.00000535229573
235,whats,0.00000534931040
236,tests,0.00000534243937
237,press,0.00000531953383
238,based,0.00000531043968
239,point,0.00000529336656
240,goods,0.00000528725925
241,silly,0.00000527489928
242,nails,0.00000526330560
243,bikes,0.00000525876624
244,bless,0.00000525314790
245,corps,0.00000522915750
246,pipes,0.00000521542476
247,wives,0.00000520097760
248,cited,0.00000519673190
249,leeds,0.00000516485970
250,girls,0.00000512344980
251,grass,0.00000510985524
252,raise,0.00000509793552
253,plate,0.00000509355420
254,dated,0.00000505950682
255,filed,0.00000501935616
256,meant,0.00000497994354
257,forms,0.00000496769963
258,heads,0.00000495847170
259,fairy,0.00000494561549
260,terms,0.00000493396312
261,false,0.00000492751035
262,joins,0.00000489604080
263,hints,0.00000489203064
264,chess,0.00000483174153
265,cause,0.00000480154392
266,hands,0.00000479441970
267,sound,0.00000477731328
268,craps,0.00000477391320
269,jeans,0.00000477363978
270,dress,0.00000475958291
271,brand,0.00000474345830
272,bride,0.00000473934240
273,party,0.00000471066753
274,chile,0.00000468371808
275,santa,0.00000468014761
276,facts,0.00000463632414
277,danny,0.00000463454258
278,chase,0.00000460507356
279,beast,0.00000455931310
280,fence,0.00000454879152
281,folks,0.00000454560750
282,tuner,0.00000453250980
283,satin,0.00000453106955
284,taste,0.00000451307062
285,wiley,0.00000451301760
286,poems,0.00000450015143
287,daily,0.00000449207021
288,ranks,0.00000443354940
289,boost,0.00000443266551
290,dairy,0.00000442502438
291,spots,0.00000442274833
292,gives,0.00000442083096
293,blade,0.00000441768600
294,fleet,0.00000441735294
295,forty,0.00000437217645
296,price,0.00000430996608
297,seven,0.00000430801043
298,salon,0.00000429206533
299,wired,0.00000427714560
300,rated,0.00000426585869
301,const,0.00000424906398
302,shake,0.00000424723560
303,berry,0.00000419814252
304,candy,0.00000419282892
305,names,0.00000417005680
306,alone,0.00000415919595
307,water,0.00000415425192
308,peter,0.00000414741109
309,nodes,0.00000414687000
310,tracy,0.00000414244320
311,cover,0.00000413358309
312,alien,0.00000411308352
313,butts,0.00000408264129
314,brake,0.00000408110040
315,sunny,0.00000407733094
316,hopes,0.00000407084405
317,state,0.00000405314150
318,socks,0.00000405117300
319,boobs,0.00000404319825
320,terry,0.00000403667550
321,place,0.00000401745120
322,title,0.00000401326650
323,rooms,0.00000401209672
324,coach,0.00000401036832
325,meter,0.00000400188789
326,winds,0.00000400075200
327,davis,0.00000400013680
328,larry,0.00000399481368
329,tract,0.00000399089040
330,tubes,0.00000394621500
331,shirt,0.00000394128346
332,brain,0.00000393005278
333,arise,0.00000392514768
334,dealt,0.00000391633304
335,worse,0.00000389716500
336,works,0.00000387345000
337,piece,0.00000384897744
338,hills,0.00000384701940
339,write,0.00000383468160
340,shame,0.00000382251204
341,close,0.00000381559815
342,train,0.00000377889690
343,count,0.00000376107624
344,gross,0.00000374997441
345,short,0.00000373600828
346,hours,0.00000372944880
347,holds,0.00000370825875
348,dense,0.00000370658106
349,laser,0.00000370624436
350,ships,0.00000370392960
351,diary,0.00000369635270
352,glass,0.00000368752440
353,phone,0.00000368385927
354,colin,0.00000368150265
355,fancy,0.00000367174483
356,motel,0.00000363993630
357,wrote,0.00000363495860
358,penny,0.00000362894969
359,loops,0.00000359395400
360,booth,0.00000359322054
361,james,0.00000354454828
362,salem,0.00000351263458
363,shops,0.00000351101660
364,belly,0.00000350967708
365,likes,0.00000350584416
366,crops,0.00000350343630
367,links,0.00000346731840
368,pride,0.00000346336560
369,firms,0.00000346136490
370,tooth,0.00000345501975
371,walks,0.00000343686000
372,paste,0.00000342993368
373,janet,0.00000342880793
374,there,0.00000342653850
375,trips,0.00000342216000
376,daisy,0.00000341933702
377,lists,0.00000341916120
378,canal,0.00000339744132
379,chose,0.00000337952979
380,grace,0.00000332069024
381,spare,0.00000331558392
382,hired,0.00000331478784
383,print,0.00000331262294
384,stone,0.00000330963588
385,route,0.00000329357640
386,canon,0.00000328495079
387,chart,0.00000324690379
388,phase,0.00000324060732
389,billy,0.00000323970192
390,tasks,0.00000322205625
391,blair,0.00000322067928
392,genre,0.00000319783464
393,creek,0.00000319313194
394,coral,0.00000319085325
395,menus,0.00000317837520
396,camel,0.00000317094523
397,court,0.00000314216496
398,front,0.00000314009050
399,those,0.00000312919425
400,funds,0.00000311447430
401,alice,0.00000311028480
402,faced,0.00000310456474
403,plant,0.00000308779716
404,south,0.00000308597808
405,spine,0.00000307250592
406,merit,0.00000306798278
407,ferry,0.00000306787338
408,perry,0.00000306787338
409,blogs,0.00000304326750
410,least,0.00000303954206
411,flags,0.00000303040500
412,mouse,0.00000302603400
413,horse,0.00000302030288
414,shall,0.00000300919083
415,allen,0.00000299912340
416,solve,0.00000299704125
417,broke,0.00000299500110
418,whale,0.00000298755680
419,faith,0.00000298454918
420,tiger,0.00000296314200
421,chair,0.00000296231710
422,merry,0.00000296022870
423,crime,0.00000295297488
424,specs,0.00000295169336
425,bruce,0.00000294892416
426,trail,0.00000294625860
427,blake,0.00000294512400
428,learn,0.00000293769590
429,bound,0.00000293409792
430,minus,0.00000293388480
431,hosts,0.00000292540413
432,beach,0.00000291506342
433,logos,0.00000290280900
434,color,0.00000288526455
435,treat,0.00000287649862
436,broad,0.00000286418496
437,worry,0.00000285212400
438,films,0.00000285053580
439,giant,0.00000284170205
440,trend,0.00000283224480
441,shape,0.00000283149040
442,fatty,0.00000282640052
443,space,0.00000281322272
444,teach,0.00000280294560
445,laden,0.00000279746376
446,brian,0.00000278549856
447,shoot,0.00000277370311
448,timer,0.00000276559920
449,store,0.00000276501225
450,rally,0.00000276166898
451,serve,0.00000274705762
452,fixes,0.00000274496040
453,blast,0.00000272779416
454,green,0.00000272687215
455,helen,0.00000272627082
456,dirty,0.00000272574396
457,forge,0.00000272228438
458,cindy,0.00000271153008
459,betty,0.00000270971017
460,grams,0.00000270521748
461,polar,0.00000269334975
462,hairy,0.00000268972070
463,frame,0.00000268410834
464,moved,0.00000268107840
465,derek,0.00000267697521
466,large,0.00000267575750
467,grade,0.00000266841180
468,clips,0.00000266716800
469,lover,0.00000265365828
470,blame,0.00000265061160
471,blind,0.00000265015296
472,weeks,0.00000264864600
473,these,0.00000264777975
474,horny,0.00000264577715
475,discs,0.00000264494160
476,cable,0.00000262829610
477,chain,0.00000260860759
478,dover,0.00000260262639
479,acres,0.00000259246260
480,carol,0.00000259163793
481,karen,0.00000259124047
482,could,0.00000258412032
483,cocks,0.00000258381900
484,drain,0.00000256964989
485,mount,0.00000255381720
486,grant,0.00000255226943
487,colon,0.00000254075535
488,hayes,0.00000253926673
489,loved,0.00000253483776
490,manor,0.00000253296582
491,reset,0.00000253175013
492,blond,0.00000251212416
493,mercy,0.00000251170920
494,pearl,0.00000251063842
495,speed,0.00000250592742
496,array,0.00000250491345
497,bunny,0.00000250418750
498,alter,0.00000248135706
499,hence,0.00000247390416
500,ellis,0.00000247182950
501,crude,0.00000246081240
502,forth,0.00000245268435
503,white,0.00000245103360
504,sizes,0.00000244638576
505,roger,0.00000243819030
506,crest,0.00000243750068
507,table,0.00000243360750
508,bread,0.00000242354112
509,fault,0.00000241843522
510,lotus,0.00000241703280
511,death,0.00000241653953
512,waste,0.00000240697100
513,slave,0.00000239763300
514,rings,0.00000238933800
515,harry,0.00000238152354
516,movie,0.00000236965162
517,chips,0.00000236234880
518,slope,0.00000234607100
519,heart,0.00000234498607
520,aaron,0.00000233915147
521,month,0.00000233878260
522,birth,0.00000233858664
523,built,0.00000233840506
524,while,0.00000231294720
525,surge,0.00000230878063
526,ready,0.00000230198436
527,crash,0.00000228563273
528,baths,0.00000227863818
529,early,0.00000226163257
530,world,0.00000225977600
531,delay,0.00000222628770
532,randy,0.00000222582276
533,baker,0.00000222374662
534,wings,0.00000222264000
535,teeth,0.00000220675455
536,drops,0.00000220586730
537,paper,0.00000220541903
538,noise,0.00000220075200
539,fever,0.00000219568822
540,rover,0.00000219437127
541,whole,0.00000219248120
542,range,0.00000218661450
543,donor,0.00000217997766
544,spice,0.00000217797888
545,choir,0.00000217395851
546,moral,0.00000216662875
547,whore,0.00000215975760
548,badly,0.00000214694532
549,found,0.00000214414848
550,pound,0.00000214414848
551,model,0.00000214113900
552,blend,0.00000212564352
553,worst,0.00000212328300
554,trash,0.00000211632660
555,purse,0.00000211389772
556,kills,0.00000210965580
557,first,0.00000210821454
558,trial,0.00000208821600
559,carlo,0.00000207997916
560,prime,0.00000207801936
561,plain,0.00000207254964
562,ruled,0.00000206856832
563,grand,0.00000206766131
564,child,0.00000206729626
565,autos,0.00000205901356
566,voice,0.00000205403520
567,start,0.00000205275180
568,hotel,0.00000205160046
569,maria,0.00000205096457
570,steel,0.00000204674470
571,brave,0.00000204055020
572,field,0.00000203256346
573,frost,0.00000202714703
574,march,0.00000201114760
575,aimed,0.00000200774246
576,elite,0.00000200628960
577,diana,0.00000199638562
578,stand,0.00000199054720
579,needs,0.00000198648450
580,cheat,0.00000198567369
581,merge,0.00000198278438
582,bench,0.00000197472038
583,packs,0.00000195901020
584,donna,0.00000194093046
585,flame,0.00000193698540
586,guess,0.00000193000269
587,truly,0.00000191850480
588,basin,0.00000190980699
589,clear,0.00000190134945
590,heard,0.00000189973555
591,weird,0.00000189775872
592,build,0.00000189440410
593,third,0.00000188559360
594,taken,0.00000188290830
595,relay,0.00000187706610
596,years,0.00000187675488
597,shark,0.00000186878366
598,shell,0.00000186861044
599,float,0.00000186446715
600,women,0.00000186411680
601,today,0.00000185883750
602,camps,0.00000185590440
603,latin,0.00000185524108
604,perth,0.00000185138109
605,liver,0.00000184900061
606,holly,0.00000184790690
607,noted,0.00000184154880
608,scale,0.00000183590184
609,funny,0.00000182998318
610,where,0.00000182748720
611,armed,0.00000180325018
612,catch,0.00000177712315
613,bytes,0.00000177379020
614,total,0.00000177269625
615,lived,0.00000176620954
616,token,0.00000174760950
617,euros,0.00000174594718
618,prior,0.00000174256387
619,pulse,0.00000174085695
620,super,0.00000173602320
621,oasis,0.00000172845418
622,worth,0.00000172118200
623,clara,0.00000171692136
624,grain,0.00000171309993
625,snake,0.00000171259500
626,batch,0.00000171130378
627,house,0.00000170558280
628,their,0.00000170324385
629,burke,0.00000170158950
630,kinds,0.00000170031960
631,rider,0.00000169886808
632,maple,0.00000169541322
633,malta,0.00000168902965
634,filme,0.00000168705180
635,cloth,0.00000168515802
636,clean,0.00000167432265
637,whose,0.00000166890360
638,pilot,0.00000166809132
639,alike,0.00000166622400
640,paths,0.00000166515867
641,locks,0.00000165874800
642,henry,0.00000164886322
643,jokes,0.00000164492510
644,leave,0.00000164085480
645,wanna,0.00000164015376
646,minor,0.00000163808568
647,bible,0.00000163678320
648,piano,0.00000162821275
649,round,0.00000161751552
650,reach,0.00000160702214
651,handy,0.00000160466292
652,alert,0.00000160189722
653,porno,0.00000160182968
654,wheel,0.00000159871712
655,milan,0.00000159459300
656,atlas,0.00000158851875
657,rhode,0.00000158300415
658,crack,0.00000158221123
659,wider,0.00000158034240
660,shows,0.00000157995747
661,joint,0.00000157872336
662,burst,0.00000157602393
663,towns,0.00000157501313
664,drums,0.00000157077144
665,frank,0.00000157070044
666,maker,0.00000156802646
667,voted,0.00000156531648
668,story,0.00000156366210
669,blood,0.00000155815296
670,chest,0.00000155799013
671,ranch,0.00000155385350
672,safer,0.00000155173528
673,blank,0.00000155109864
674,final,0.00000154614096
675,sucks,0.00000154205940
676,river,0.00000152898127
677,texts,0.00000152641125
678,ellen,0.00000152586980
679,swiss,0.00000152339040
680,tribe,0.00000151902000
681,notre,0.00000151301700
682,poker,0.00000150827586
683,korea,0.00000150824765
684,sagem,0.00000150541482
685,wound,0.00000150466560
686,fiber,0.00000150132528
687,haven,0.00000150094690
688,wrist,0.00000150072192
689,mario,0.00000149664982
690,katie,0.00000149060275
691,fruit,0.00000148858373
692,racks,0.00000147784980
693,heath,0.00000146887697
694,track,0.00000146501040
695,drill,0.00000146367878
696,focus,0.00000145459440
697,drugs,0.00000145441800
698,label,0.00000145404896
699,fatal,0.00000145155231
700,spain,0.00000145130418
701,wendy,0.00000145061280
702,touch,0.00000143740800
703,motor,0.00000142736632
704,stage,0.00000142716250
705,smile,0.00000142134336
706,disks,0.00000141693300
707,badge,0.00000141657750
708,stops,0.00000141573250
709,eagle,0.00000141149235
710,china,0.00000140921338
711,boxed,0.00000140824320
712,trust,0.00000140692680
713,sweet,0.00000140602462
714,theme,0.00000140176575
715,texas,0.00000139741875
716,twins,0.00000139356000
717,level,0.00000137525170
718,rocks,0.00000137165700
719,lucas,0.00000136802120
720,draws,0.00000135260874
721,devel,0.00000134880455
722,clark,0.00000134569512
723,earth,0.00000134446523
724,scene,0.00000134422134
725,spent,0.00000134267626
726,greek,0.00000134032699
727,mouth,0.00000133644720
728,score,0.00000132720588
729,sport,0.00000132568036
730,honor,0.00000132508446
731,singh,0.00000132496560
732,thank,0.00000132099060
733,great,0.00000130401271
734,gonna,0.00000129395364
735,fully,0.00000129334254
736,sonic,0.00000129141474
737,nancy,0.00000128833152
738,condo,0.00000128136330
739,would,0.00000127610880
740,picks,0.00000126690480
741,spray,0.00000126582170
742,guide,0.00000125655840
743,trout,0.00000125519940
744,yards,0.00000125199900
745,patch,0.00000125056814
746,verse,0.00000125023568
747,arena,0.00000124441756
748,helps,0.00000124406100
749,cedar,0.00000123817005
750,annie,0.00000123231150
751,match,0.00000120668856
752,blink,0.00000120085056
753,steps,0.00000119792750
754,risks,0.00000119466900
755,floor,0.00000119202447
756,lamps,0.00000119144480
757,marco,0.00000118045620
758,brick,0.00000117956966
759,fibre,0.00000117825840
760,glory,0.00000117213096
761,layer,0.00000116481966
762,shock,0.00000116365122
763,flash,0.00000116070696
764,rouge,0.00000115971000
765,costa,0.00000115436948
766,begin,0.00000114686442
767,tamil,0.00000114538620
768,truth,0.00000114048720
769,flood,0.00000113865024
770,trick,0.00000113420160
771,dicks,0.00000113354640
772,cabin,0.00000113329206
773,herbs,0.00000113298413
774,ahead,0.00000113201088
775,alloy,0.00000112222740
776,simon,0.00000111028277
777,bitch,0.00000110671142
778,spoke,0.00000110600490
779,verde,0.00000110314913
780,black,0.00000109951296
781,break,0.00000109816707
782,delta,0.00000109727163
783,split,0.00000109700822
784,probe,0.00000109432732
785,prove,0.00000109432732
786,named,0.00000108932096
787,drink,0.00000108802339
788,spend,0.00000108773773
789,jenny,0.00000108231833
790,kenny,0.00000108231833
791,samoa,0.00000107665368
792,allan,0.00000107111550
793,given,0.00000106460827
794,hoped,0.00000106340416
795,bacon,0.00000105442865
796,fraud,0.00000105307546
797,guard,0.00000105069466
798,began,0.00000104994630
799,david,0.00000104493370
800,drive,0.00000103293360
801,scary,0.00000102273811
802,think,0.00000102270240
803,laura,0.00000101790374
804,login,0.00000101290020
805,susan,0.00000100574793
806,clubs,0.00000100018800
807,fresh,0.00000099876962
808,bunch,0.00000099579917
809,tower,0.00000099228675
810,gauge,0.00000098797200
811,smart,0.00000098532086
812,metal,0.00000098127315
813,wheat,0.00000098057960
814,drove,0.00000097913498
815,sugar,0.00000097896045
816,brook,0.00000097836703
817,grill,0.00000097578586
818,teddy,0.00000097139250
819,yours,0.00000096243840
820,elvis,0.00000095341995
821,vegas,0.00000095024475
822,bucks,0.00000094709160
823,kings,0.00000094462200
824,daddy,0.00000094283190
825,still,0.00000093939360
826,radar,0.00000093819765
827,busty,0.00000093774954
828,patio,0.00000093064407
829,mason,0.00000092938423
830,logan,0.00000092730300
831,digit,0.00000092683116
832,brief,0.00000092535206
833,virus,0.00000091763280
834,milfs,0.00000091683900
835,liked,0.00000091581235
836,jerry,0.00000091497978
837,kerry,0.00000091497978
838,casio,0.00000090759407
839,stood,0.00000090606880
840,valid,0.00000090302912
841,grave,0.00000088947060
842,click,0.00000088397568
843,curve,0.00000088351762
844,limit,0.00000088200403
845,watch,0.00000087759168
846,lodge,0.00000087652500
847,pasta,0.00000087522446
848,sleep,0.00000087209122
849,fluid,0.00000087026688
850,meyer,0.00000086315229
851,sudan,0.00000086206965
852,north,0.00000086059100
853,dodge,0.00000085966875
854,glenn,0.00000085417486
855,brush,0.00000085199213
856,favor,0.00000084377368
857,rebel,0.00000084239064
858,wayne,0.00000084171340
859,clock,0.00000083793528
860,clerk,0.00000083563326
861,allah,0.00000083510700
862,alive,0.00000083311200
863,being,0.00000083053901
864,craig,0.00000083007634
865,guild,0.00000082576589
866,jamie,0.00000081837014
867,apart,0.00000081075614
868,lanka,0.00000080969616
869,pitch,0.00000080875066
870,block,0.00000080690064
871,flows,0.00000080061345
872,trunk,0.00000080001720
873,spank,0.00000079373070
874,cloud,0.00000079252992
875,niger,0.00000079017120
876,linda,0.00000078545376
877,error,0.00000078498172
878,chick,0.00000078294989
879,juice,0.00000078185856
880,scott,0.00000077787856
881,cargo,0.00000077611163
882,ghost,0.00000077287501
883,proud,0.00000077282150
884,sheep,0.00000077242365
885,civil,0.00000077141614
886,never,0.00000077041692
887,cache,0.00000076887468
888,welsh,0.00000076854960
889,kelly,0.00000076492962
890,ghana,0.00000076404882
891,power,0.00000075413793
892,keeps,0.00000075044970
893,elder,0.00000074261460
894,nurse,0.00000074171850
895,lewis,0.00000074081826
896,focal,0.00000073966620
897,steal,0.00000073098025
898,punch,0.00000072769939
899,plays,0.00000072729720
900,thick,0.00000072495360
901,mixer,0.00000072432360
902,acids,0.00000072394560
903,julie,0.00000072281195
904,vault,0.00000072128770
905,flesh,0.00000072076158
906,tommy,0.00000072065700
907,doing,0.00000071941824
908,fixed,0.00000071705088
909,roman,0.00000071568770
910,manga,0.00000071367450
911,congo,0.00000071186850
912,skins,0.00000070792848
913,gotta,0.00000070605879
914,ratio,0.00000070206483
915,novel,0.00000070073640
916,funky,0.00000069493032
917,shaft,0.00000069420334
918,craft,0.00000069270455
919,mixed,0.00000069189120
920,value,0.00000069158040
921,elect,0.00000069151544
922,bring,0.00000068856653
923,lower,0.00000068798548
924,myers,0.00000068479950
925,nasty,0.00000068059180
926,aware,0.00000067640760
927,local,0.00000067478320
928,honda,0.00000067202730
929,dicke,0.00000067087440
930,woman,0.00000066575600
931,lunch,0.00000066386611
932,dryer,0.00000066356090
933,spell,0.00000066305532
934,grows,0.00000066176019
935,grove,0.00000065275665
936,claim,0.00000064894284
937,rural,0.00000064477855
938,tough,0.00000064170000
939,tyler,0.00000064018500
940,stack,0.00000063936880
941,sized,0.00000063905587
942,types,0.00000063540750
943,check,0.00000062799106
944,panic,0.00000062448448
945,derby,0.00000062384985
946,outer,0.00000062375968
947,keith,0.00000062362310
948,guest,0.00000062232740
949,rapid,0.00000061997882
950,buyer,0.00000061728467
951,photo,0.00000061649570
952,chief,0.00000061421069
953,which,0.00000061329408
954,drama,0.00000061281457
955,modem,0.00000060510450
956,smoke,0.00000060327540
957,order,0.00000060323718
958,noble,0.00000060233000
959,emacs,0.00000059204544
960,metro,0.00000058482567
961,twice,0.00000058464000
962,tulsa,0.00000058449825
963,flour,0.00000058384872
964,small,0.00000058242403
965,venue,0.00000058142448
966,zones,0.00000058056180
967,wagon,0.00000057935640
968,stays,0.00000057873900
969,argue,0.00000057722760
970,medal,0.00000057721950
971,mpegs,0.00000057066625
972,labor,0.00000057019144
973,quiet,0.00000057005894
974,fewer,0.00000056925250
975,witch,0.00000056754432
976,truck,0.00000056710080
977,audit,0.00000056589201
978,align,0.00000056498400
979,latex,0.00000056423422
980,study,0.00000056235600
981,robin,0.00000055839370
982,opens,0.00000055738529
983,heavy,0.00000055319004
984,decor,0.00000054851051
985,legal,0.00000054573480
986,kitty,0.00000054514879
987,naked,0.00000054466048
988,drunk,0.00000054401170
989,realm,0.00000054336812
990,cohen,0.00000053926236
991,shift,0.00000053744774
992,anime,0.00000053557200
993,flyer,0.00000053519466
994,charm,0.00000053430062
995,steve,0.00000053173313
996,devil,0.00000052618199
997,reply,0.00000052516597
998,anger,0.00000052129350
999,robot,0.00000051600430
1000,pixel,0.00000051538032
1001,jesse,0.00000051480293
1002,agree,0.00000051143820
1003,cream,0.00000051121571
1004,buddy,0.00000050944140
1005,armor,0.00000050824780
1006,media,0.00000050714235
1007,ridge,0.00000050503500
1008,stick,0.00000049499520
1009,lemon,0.00000049248763
1010,pussy,0.00000049224231
1011,sword,0.00000048816768
1012,going,0.00000047961216
1013,laugh,0.00000047935680
1014,smith,0.00000047782886
1015,bingo,0.00000047764080
1016,chevy,0.00000047563362
1017,globe,0.00000047106150
1018,calif,0.00000047060433
1019,stock,0.00000046921420
1020,dildo,0.00000046845540
1021,yeast,0.00000046762186
1022,adams,0.00000046754820
1023,viral,0.00000046661940
1024,devon,0.00000046576612
1025,cisco,0.00000046294416
1026,ralph,0.00000046245640
1027,pumps,0.00000046140360
1028,hello,0.00000045928701
1029,units,0.00000045922800
1030,rocky,0.00000045908520
1031,macro,0.00000045829476
1032,retro,0.00000045722734
1033,sight,0.00000045509688
1034,sharp,0.00000045108571
1035,enter,0.00000045087315
1036,doubt,0.00000044963640
1037,flush,0.00000044930592
1038,sixth,0.00000044796456
1039,depot,0.00000043886688
1040,draft,0.00000043614731
1041,older,0.00000043532580
1042,utils,0.00000043335600
1043,nerve,0.00000043260750
1044,valve,0.00000043223775
1045,aside,0.00000042845760
1046,alarm,0.00000042450408
1047,width,0.00000042327360
1048,thing,0.00000042318720
1049,angle,0.00000041531625
1050,radio,0.00000041297931
1051,crowd,0.00000041183251
1052,sigma,0.00000041106852
1053,inner,0.00000040971840
1054,jesus,0.00000040933620
1055,quite,0.00000040817616
1056,tumor,0.00000040676370
1057,speak,0.00000040553513
1058,scope,0.00000040218360
1059,thong,0.00000040114620
1060,dutch,0.00000039531038
1061,serum,0.00000039406068
1062,chuck,0.00000039147494
1063,edges,0.00000038793300
1064,begun,0.00000038767248
1065,quote,0.00000038691698
1066,klein,0.00000038383807
1067,gifts,0.00000038324664
1068,shown,0.00000038047955
1069,crown,0.00000037965810
1070,graph,0.00000037623584
1071,depth,0.00000037027622
1072,refer,0.00000036808808
1073,rough,0.00000036790800
1074,promo,0.00000036678833
1075,brown,0.00000036559669
1076,smell,0.00000036166654
1077,visit,0.00000036043434
1078,angel,0.00000035790300
1079,lexus,0.00000035773920
1080,basic,0.00000035606571
1081,tahoe,0.00000035596050
1082,irish,0.00000034953523
1083,april,0.00000034812294
1084,highs,0.00000034450920
1085,along,0.00000034420932
1086,asset,0.00000034420932
1087,queen,0.00000034147914
1088,dozen,0.00000033953556
1089,style,0.00000033929638
1090,icons,0.00000033817056
1091,acute,0.00000033800544
1092,wrong,0.00000033471984
1093,mayor,0.00000033169791
1094,samba,0.00000032958786
1095,drawn,0.00000032573027
1096,dream,0.00000032187656
1097,saudi,0.00000032068008
1098,crazy,0.00000031955990
1099,bryan,0.00000031917171
1100,villa,0.00000031860108
1101,bloom,0.00000031649982
1102,views,0.00000031172526
1103,paxil,0.00000031089054
1104,prize,0.00000030785472
1105,renew,0.00000030765571
1106,gnome,0.00000030282525
1107,award,0.00000029855232
1108,bobby,0.00000029741400
1109,micro,0.00000029638224
1110,disco,0.00000029148336
1111,twist,0.00000029008800
1112,sanyo,0.00000028861207
1113,jason,0.00000028726422
1114,diego,0.00000028627830
1115,yield,0.00000028527206
1116,shelf,0.00000028435376
1117,syria,0.00000028358465
1118,yemen,0.00000028142150
1119,vital,0.00000027997164
1120,evans,0.00000027840232
1121,comic,0.00000027455274
1122,italy,0.00000027250240
1123,video,0.00000027066312
1124,naval,0.00000026963820
1125,tight,0.00000026875800
1126,amend,0.00000026628941
1127,scout,0.00000026294486
1128,qatar,0.00000025964075
1129,tampa,0.00000025951800
1130,kinda,0.00000025678296
1131,theft,0.00000025457355
1132,ended,0.00000025334400
1133,asian,0.00000025182144
1134,sparc,0.00000025152706
1135,inter,0.00000024875760
1136,olive,0.00000024847200
1137,storm,0.00000024789765
1138,stuck,0.00000024749760
1139,haiti,0.00000024700502
1140,vsnet,0.00000024638141
1141,mardi,0.00000024592838
1142,karma,0.00000024107369
1143,joyce,0.00000023535820
1144,forum,0.00000023430420
1145,apple,0.00000023146959
1146,angry,0.00000023136300
1147,debut,0.00000022626864
1148,lucia,0.00000022566981
1149,kevin,0.00000022496187
1150,vocal,0.00000022060220
1151,cycle,0.00000022033620
1152,maybe,0.00000021975112
1153,royal,0.00000021921185
1154,magic,0.00000021520455
1155,fifty,0.00000021504139
1156,lucky,0.00000021132384
1157,quilt,0.00000020985686
1158,japan,0.00000020686374
1159,steam,0.00000020658138
1160,fight,0.00000020425608
1161,johns,0.00000020400170
1162,items,0.00000020374200
1163,entry,0.00000020010870
1164,newer,0.00000019973772
1165,added,0.00000019918080
1166,lobby,0.00000019827600
1167,cyber,0.00000019754280
1168,might,0.00000019708920
1169,human,0.00000019639802
1170,ideas,0.00000019619600
1171,youth,0.00000019439232
1172,audio,0.00000019340613
1173,skirt,0.00000019070726
1174,organ,0.00000018971745
1175,logic,0.00000018884580
1176,light,0.00000018633888
1177,orbit,0.00000018498482
1178,sperm,0.00000018458840
1179,civic,0.00000018446908
1180,julia,0.00000018444167
1181,emily,0.00000018354355
1182,cheap,0.00000017594577
1183,lycos,0.00000017479280
1184,owner,0.00000017413032
1185,proof,0.00000017257668
1186,topic,0.00000017250337
1187,query,0.00000017210701
1188,intel,0.00000017078880
1189,vista,0.00000016881102
1190,humor,0.00000016812900
1191,amber,0.00000016681392
1192,owned,0.00000016633344
1193,kathy,0.00000016621777
1194,users,0.00000016435188
1195,happy,0.00000016131532
1196,papua,0.00000016060457
1197,relax,0.00000016023735
1198,grown,0.00000015936266
1199,gamma,0.00000015882502
1200,right,0.00000015408792
1201,unity,0.00000015370080
1202,annex,0.00000015249780
1203,turbo,0.00000015233062
1204,kodak,0.00000014900925
1205,aruba,0.00000014729256
1206,adult,0.00000014481648
1207,combo,0.00000014237370
1208,email,0.00000014093443
1209,amino,0.00000014006131
1210,floyd,0.00000013942656
1211,miami,0.00000013920984
1212,dylan,0.00000013690950
1213,strip,0.00000013412787
1214,nepal,0.00000013293540
1215,apply,0.00000013090004
1216,quest,0.00000012812623
1217,setup,0.00000012731191
1218,lloyd,0.00000012719616
1219,below,0.00000012520872
1220,enemy,0.00000012359655
1221,indie,0.00000012354000
1222,strap,0.00000012279313
1223,upset,0.00000012178166
1224,fifth,0.00000012063298
1225,again,0.00000011843141
1226,hobby,0.00000011820300
1227,onion,0.00000011795280
1228,jewel,0.00000011656336
1229,swing,0.00000011558016
1230,actor,0.00000011452417
1231,nokia,0.00000011401180
1232,jimmy,0.00000011381731
1233,multi,0.00000011289355
1234,adobe,0.00000011281725
1235,skill,0.00000011272723
1236,asked,0.00000011154125
1237,queue,0.00000011066748
1238,agent,0.00000010956700
1239,judge,0.00000010907625
1240,puppy,0.00000010479108
1241,mambo,0.00000010415790
1242,eight,0.00000010391976
1243,under,0.00000010060050
1244,ultra,0.00000009589734
1245,exams,0.00000009515016
1246,screw,0.00000009430512
1247,avoid,0.00000009427891
1248,rugby,0.00000009361530
1249,arrow,0.00000009211314
1250,toxic,0.00000009079125
1251,newly,0.00000008999172
1252,msgid,0.00000008997120
1253,eddie,0.00000008956650
1254,admit,0.00000008951964
1255,music,0.00000008870208
1256,nikon,0.00000008742384
1257,swift,0.00000008668512
1258,image,0.00000008630400
1259,knows,0.00000008527838
1260,apnic,0.00000008226742
1261,adopt,0.00000008195460
1262,urban,0.00000008183890
1263,abuse,0.00000008093088
1264,linux,0.00000007925299
1265,throw,0.00000007746900
1266,union,0.00000007632240
1267,uncle,0.00000007480550
1268,volvo,0.00000007470225
1269,cubic,0.00000007464798
1270,stamp,0.00000007440930
1271,plaza,0.00000007322448
1272,diffs,0.00000007287084
1273,night,0.00000007166880
1274,after,0.00000007089592
1275,opera,0.00000007032472
1276,remix,0.00000007001140
1277,ebony,0.00000006838177
1278,admin,0.00000006685644
1279,essay,0.00000006491940
1280,epson,0.00000006455603
1281,howto,0.00000006447830
1282,quick,0.00000006438835
1283,exact,0.00000006363482
1284,knock,0.00000006280820
1285,mazda,0.00000006117210
1286,major,0.00000006030871
1287,ocean,0.00000006024018
1288,usage,0.00000005933400
1289,among,0.00000005900731
1290,climb,0.00000005878656
1291,young,0.00000005642496
1292,upper,0.00000005606801
1293,event,0.00000005574461
1294,allow,0.00000005474280
1295,knife,0.00000005324400
1296,group,0.00000005041982
1297,every,0.00000004833998
1298,scoop,0.00000004756861
1299,lying,0.00000004732416
1300,dying,0.00000004641408
1301,until,0.00000004580565
1302,above,0.00000004512690
1303,exist,0.00000004486694
1304,oxide,0.00000004259520
1305,vinyl,0.00000004256582
1306,yacht,0.00000004137325
1307,proxy,0.00000004125740
1308,delhi,0.00000004093362
1309,scuba,0.00000004059936
1310,nylon,0.00000004047400
1311,about,0.00000003933821
1312,alpha,0.00000003926958
1313,empty,0.00000003849506
1314,edgar,0.00000003788850
1315,kenya,0.00000003709087
1316,ideal,0.00000003683680
1317,intro,0.00000003635280
1318,lyric,0.00000003452020
1319,debug,0.00000003436992
1320,cliff,0.00000003429216
1321,ought,0.00000003327954
1322,india,0.00000003152400
1323,ivory,0.00000003151949
1324,lopez,0.00000002787148
1325,dubai,0.00000002738190
1326,excel,0.00000002719226
1327,tokyo,0.00000002636550
1328,squad,0.00000002535936
1329,album,0.00000002489760
1330,oscar,0.00000002487576
1331,staff,0.00000002480310
1332,thumb,0.00000002410560
1333,issue,0.00000002338560
1334,aging,0.00000002074982
1335,other,0.00000002072980
1336,known,0.00000002053642
1337,yukon,0.00000001910373
1338,usual,0.00000001894464
1339,often,0.00000001861969
1340,ozone,0.00000001772089
1341,isaac,0.00000001702272
1342,czech,0.00000001606651
1343,jacob,0.00000001558043
1344,essex,0.00000001551732
1345,index,0.00000001528800
1346,twiki,0.00000001512000
1347,ebook,0.00000001500008
1348,omega,0.00000001452990
1349,extra,0.00000001444687
1350,input,0.00000001440960
1351,omaha,0.00000001310333
1352,xanax,0.00000001276548
1353,hindu,0.00000001265544
1354,skype,0.00000001215390
1355,zdnet,0.00000001207752
1356,using,0.00000001201306
1357,islam,0.00000001135680
1358,endif,0.00000001080975
1359,stuff,0.00000000960120
1360,ascii,0.00000000951854
1361,occur,0.00000000918490
1362,xhtml,0.00000000785441
1363,idaho,0.00000000749952
1364,yahoo,0.00000000707011
1365,xerox,0.00000000682227
1366,enjoy,0.00000000582610
1367,tvcom,0.00000000535080
1368,rehab,0.00000000523224
1369,sbjct,0.00000000449478
1370,fuzzy,0.00000000441226
1371,equal,0.00000000416208
1372,phpbb,0.00000000402876
1373,awful,0.00000000377568
1374,pizza,0.00000000364435
1375,inbox,0.00000000274400
1376,offer,0.00000000248758
1377,egypt,0.00000000201608
1378,iraqi,0.00000000134714
1379,mysql,0.00000000088550
